SID,名前,読み,国籍,性別,学科
000014,異儀田 杏子,いぎた あんこ,JP,女,001
000032,井根 大伸,いね ひろのぶ,JP,男,001
000034,今鉾 美夜子,いまほこ みやこ,JP,女,002
000052,尾内 泰史,おうち やすふみ,JP,男,006
000054,大胡田 クララ,おおこだ くらら,JP,女,002
000056,太田 和幸,おおた かずゆき,JP,男,002
000065,奥崎 聖香,おくざき せいか,JP,女,002
000077,梶谷 友恵,かじたに ともえ,JP,女,003
000089,上赤 穂,かみあか みのる,JP,男,001
000096,川岡 未稀,かわおか みき,JP,女,001
000100,瓦 卓真,かわら たくま,JP,男,001
000121,来栖 陽奈,くるす はるな,JP,女,001
000129,香村 克美,こうむら かつみ,JP,女,004
000141,小谷瀬 沙亜也,こやせ さあや,JP,女,001
000152,里田 幸洋,さとだ ゆきひろ,JP,男,003
000176,新門 辰広,しんかど たつひろ,JP,男,001
000177,陣内 南美,じんのうち みなみ,JP,女,004
000178,真保 翔,しんぽ つばさ,JP,女,002
000179,杉目 佳裕,すぎめ よしひろ,JP,男,003
000219,蔦山 辰広,つたやま たつひろ,JP,男,001
000225,津室 基安,つむろ もとやす,JP,男,001
000240,友高 夢人,ともたか ゆめと,JP,男,004
000243,長藤 紀乃,ながふじ きの,JP,女,005
000253,新原 宏晃,にいはら ひろあき,JP,男,002
000254,西井 良次,にし よしつぐ,JP,男,002
000255,沼山 愛美,ぬまやま なるみ,JP,女,004
000266,畑島 紗也花,はたしま さやか,JP,女,004
000278,髭 裕香子,ひげ ゆかこ,JP,女,004
000290,福松 六花,ふくまつ りっか,JP,女,001
000307,本条 虎太郎,ほんじょう こたろう,JP,男,003
000310,前 なおみ,まえ なおみ,JP,女,002
000318,美樹 尚恵,みき ひさえ,JP,女,001
000327,宮町 雅央,みやまち まさひろ,JP,男,004
000330,武者小路 未翔,むしゃのこうじ みか,JP,女,006
000333,室橋 一弥,むろはし かずや,JP,男,003
000369,野下 顕治,のした けんじ,JP,男,001
000377,椎橋 浩,しいはし ゆたか,JP,男,002
000388,安竹 凱,やすたけ かい,JP,男,001
000391,槻岡 安信,つきおか やすのぶ,JP,男,001
000403,黎 清作,れい せいさく,JP,男,003
000411,肌附 周,はだつき ひろし,JP,男,003
000420,土坂 界人,どざか かいと,JP,男,003
000436,平江 淳之介,ひらえ じゅんのすけ,JP,男,005
000437,鷲 功司,わし こうじ,JP,男,002
000449,東恩納 銀河,ひがおんな ぎんが,JP,男,005
000452,広富 清広,ひろとみ きよひろ,JP,男,002
000484,生井 敦史,なまい あつし,JP,男,001
000492,穴山 啓史,あなやま ひろし,JP,男,003
000493,合屋 幸人,ごうや ゆきと,JP,男,002
000503,御所 成人,ごしょ なると,JP,男,005
000513,信永 朝雄,のぶなが あさお,JP,男,003
000524,水希 尚典,みずき ひさのり,JP,男,004
000527,下保 正保,かほ まさやす,JP,男,003
000532,戸賀里 久豊,とがり ひさとよ,JP,男,006
000546,新地 孝史,しんち たかし,JP,男,003
000549,原谷 秀治,はらや ひではる,JP,男,003
000551,川床 雅春,かわとこ まさはる,JP,男,002
000555,末久 享平,すえひさ きょうへい,JP,男,003
000575,笠行 彰司,かさゆき しょうじ,JP,男,001
000580,池石 蘭,いけいし らん,JP,男,003
000603,今枝 創,いまえだ はじめ,JP,男,003
000609,宮浦 正嗣,みやうら まさつぐ,JP,男,001
000648,総務 直伸,そうむ なおのぶ,JP,男,005
000653,砥石 宜紀,といし よしのり,JP,男,006
000682,堀元 純矢,ほりもと じゅんや,JP,男,006
000683,牛垣 弘紀,うしがき ひろき,JP,男,006
000696,富平 貴晃,とみひら たかあき,JP,男,002
000722,山岸 美喜子,やまぎし みきこ,JP,女,001
000724,高松 瑞絵,たかまつ みずえ,JP,女,005
000727,三品 優奈,みしな ゆな,JP,女,003
000737,川副 いおり,かわそえ いおり,JP,女,006
000741,下部 康美,しもべ やすみ,JP,女,002
000746,知野見 明那,ちのみ あきな,JP,女,005
000753,持塚 仁菜,もちづか にな,JP,女,002
000754,福瀧 杏里沙,ふくたき ありさ,JP,女,004
000765,濵坂 菜水,はまさか なみ,JP,女,004
000771,村兼 麗華,むらかね りか,JP,女,001
000778,高橋 ひみこ,たかばし ひみこ,JP,女,002
000779,袴塚 沙斗美,はかまづか さとみ,JP,女,002
000781,野上 夏美,のがみ なつみ,JP,女,004
000782,柴原 里菜,しばはら りな,JP,女,005
000827,宮广 智愛,みやま ちあき,JP,女,005
000839,西那 汐海,にしな しおみ,JP,女,005
000873,仲戸川 晶菜,なかとがわ あきな,JP,女,002
000892,当銘 弥代,とうめ みよ,JP,女,002
000895,黒山田 巻,くろやまだ まき,JP,女,001
000906,花里 聖美,はなざと さとみ,JP,女,006
000914,曲尾 弥希,まがりお みき,JP,女,001
000918,八須 みづえ,はちす みづえ,JP,女,006
000920,正門 飛香,まさかど あすか,JP,女,002
000930,叶 千佳世,いえ ちかよ,JP,女,002
000948,平和 保香,ひらわ やすか,JP,女,005
000955,益地 美彩季,ますち みさき,JP,女,002
000961,武藤 美由紀,むとう みゆき,JP,女,002
000969,菊永 潤,きくなが じゅん,JP,女,004
000987,片橋 未來,かたはし みき,JP,女,005
000992,野平 早葵,のだいら さき,JP,女,005
001000,中蔵 阿弥,なかくら あみ,JP,女,001
001014,八内 三智代,やうち みちよ,JP,女,003
001030,メル・アラン・ジーリング,,US,男,005
001031,ゲーリー・デル・ブルース,,US,男,002
001044,ドノバン・グレゴリー・メリーウェザー,,US,男,004
001060,リヴ・レイン・カルホーン,,US,女,005
001062,ロクサン・ヴォー・ブレイディ,,US,女,005
001067,マイカ・ホジソン・レン,,US,女,003
001079,トニー・ド・アロー,,FR,女,006
001081,シモーヌ・デ・アングラード,,FR,女,006
001084,ジョジアーヌ・オブ・タピ,,FR,女,004
001094,アネット・マリー・ウェンバンヤマ,,FR,女,003
001117,ジャメル・ル・ルクリュイーズ,,FR,男,001
001128,ギー・レ・ウデ,,FR,男,003
001138,七 裕龍  ,,CN,男,002
001140,克 重鈞  ,,CN,男,003
001150,泡 明一  ,,TW,男,005
001163,亮 筱茵  ,,TW,女,006
001166,沉 筱佩  ,,TW,女,003
001175,趴 紋子  ,,CN,女,005
001181,會 錦麗  ,,TW,女,002
001188,兩津 想家  ,,CN,女,003
001199,才 敏智  ,,TW,女,003
001209,知 旻如  ,,CN,女,001
001223,伏 詠承  ,,CN,女,002
001236,蠢 淳浩  ,,CN,女,001
001243,アンヘル・スアレス,,ES,男,004
001257,ホルヘ・デュラン,,ES,男,004
001260,ギリェルモ・レニー,,PE,男,006
001269,コルド・コンタドール,,ES,男,006
001282,アンパロ・ラストラ,,ES,女,003
001285,クラウディア・マウラ,,ES,女,003
001295,アドリアーナ・マテ・マルドネス,,MX,女,005
001301,ソン・ギュリ,,KR,女,001
001309,ペ・ウンギョン,,KR,女,001
001314,チン・ダヒ,,KR,女,004
001316,ナム・オクスク,,KR,女,004
001323,クォン・ジス,,KR,女,003
001338,オ・ヨングク,,KR,男,001
001339,ホン・ドンジク,,KR,男,006
001343,ク・ドンギュン,,KR,男,002
001359,イリヤ・ゴルシュコフ,,UA,男,005
001374,ダリア・イエヴレワ,,UA,女,002
001405,ブルース・ジェイ・コイ,,AU,男,004
001413,シェイ・J・クラテンホフ,,GB,男,004
001422,ジェシカ・デ・グリーン,,CA,女,001
001440,ゲイル・マリー・ガロー,,NZ,女,003
001444,ダニエラ・ルメイ・シモンズ,,NZ,女,003